,title,originallink,link,description,pubDate
0,"'THE 맛녀석' 황제성, <b>김해준</b> 디스에 당혹…&quot;겸허하게 수용할 것&quot;",http://www.starnewsk.com/news/articleView.html?idxno=45266,http://www.starnewsk.com/news/articleView.html?idxno=45266,"가장 먼저 촬영장에 도착해 자신의 특집에 대한 설렘을 감추지 못하던 황제성은 김준현, 문세윤, <b>김해준</b>이... 막내 <b>김해준</b>도 황제성에 대한 재치 있는 평가로 재미를 더한다. <b>김해준</b>은 '직급을 위로 올라가려 하지 말고... ","Thu, 03 Apr 2025 15:18:00 +0900"
1,"황제성, 11년 후배 디스에 말문 턱…&quot;겸허히 수용한다&quot; (THE맛녀석)",http://www.osen.co.kr/article/G1112537312,https://m.entertain.naver.com/article/109/0005274854,"가장 먼저 촬영장에 도착해 자신의 특집에 대한 설렘을 감추지 못하던 황제성은 김준현, 문세윤, <b>김해준</b>이... 막내 <b>김해준</b>도 황제성에 대한 재치 있는 평가로 재미를 더한다. <b>김해준</b>은 ‘직급을 위로 올라가려 하지 말고... ","Thu, 03 Apr 2025 12:11:00 +0900"
2,"황제성 민낯 밝혀졌다…<b>김해준</b>, 촌천살인 팩폭 봤더니 (THE 맛있는 녀석...",https://www.xportsnews.com/article/1981588,https://m.entertain.naver.com/article/311/0001846774,"가장 먼저 촬영장에 도착해 자신의 특집에 대한 설렘을 감추지 못하던 황제성은 김준현, 문세윤, <b>김해준</b>이... 막내 <b>김해준</b>도 황제성에 대한 재치 있는 평가로 재미를 더한다. <b>김해준</b>은 ‘직급을 위로 올라가려 하지 말고... ","Thu, 03 Apr 2025 10:39:00 +0900"
3,‘THE맛녀석’ 황제성의 민낯,https://www.bntnews.co.kr/article/view/bnt202504030079,https://www.bntnews.co.kr/article/view/bnt202504030079,"가장 먼저 촬영장에 도착해 자신의 특집에 대한 설렘을 감추지 못하던 황제성은 김준현, 문세윤, <b>김해준</b>이... 막내 <b>김해준</b>도 황제성에 대한 재치 있는 평가로 재미를 더한다. <b>김해준</b>은 ‘직급을 위로 올라가려 하지 말고... ","Thu, 03 Apr 2025 10:28:00 +0900"
4,윤형빈 15년만에 소극장 문 닫는다 “아들 매니지먼트 한다면 말릴 것”...,https://www.newsen.com/news_view.php?uid=202504020904441910,https://m.entertain.naver.com/article/609/0000970656,"현재 KBS 2TV '개그콘서트'에서 활약 중인 신윤승, 조수연, 박민성을 비롯해 개그맨 정찬민, 신규진, <b>김해준</b>, 최지용, 박세미, 유튜브 채널 '싱글벙글' 김두현, 최지명, 이유미, 개그 아이돌 코쿤, tvN '코미디빅리그' 출신... ","Wed, 02 Apr 2025 09:40:00 +0900"
5,변화하는 코미디 트렌드 속에서 지키는 ‘코미디 소극장’의 가치 [D:이...,https://www.dailian.co.kr/news/view/1479131/?sc=Naver,https://m.entertain.naver.com/article/119/0002939922,"실제 윤형빈소극장에서도 신윤승, 조수연, 박민성을 비롯해 개그맨 정찬민, 신규진, <b>김해준</b>, 최지용, 박세미, 유튜브 채널 ‘싱글벙글’ 김두현, 최지명, 이유미, 개그 아이돌 코쿤, tvN ‘코미디빅리그’ 출신 나보람... ","Tue, 01 Apr 2025 11:12:00 +0900"
6,"‘THE 맛녀석’ 문세윤, 쪼는맛 게임에 흑화?",https://sports.khan.co.kr/article/202503312352003?pt=nv,https://m.entertain.naver.com/article/144/0001029284,"다 조작이 가능하다”라며 <b>김해준</b>에게 기록 측정을 요청했다. 그 결과 제작진이 측정한 기록은 2분 12초 32였고, <b>김해준</b>이 측정한 기록은 2분 12초 15였다. 이에 문세윤은 “거봐! 거짓말했지”라고 억지 주장을 하며... ","Mon, 31 Mar 2025 23:53:00 +0900"
7,"'4월의 신부' 배우 황신정, (사)한국영화배우협회 전 이사장 김국현 장...",https://www.sportsworldi.com/newsView/20250331519654,https://m.entertain.naver.com/article/396/0000704649,"두 사람의 결혼식은 강남 ‘아르베웨딩’에서 진행될 예정이며 <b>김해준</b> 디렉터가 참여한다. 축가는 이시안, 정준교, 빅토리아가 맡아 콘서트 같은 무대를 선보일 예정이다. 연기자 황신정은 북한에서도 상영된 바 있는 영화... ","Mon, 31 Mar 2025 21:46:00 +0900"
8,"'THE 맛녀석' 문세윤, 제작진에 '조작 의혹' 제기…&quot;못 믿겠어&quot;",http://www.newskr.kr/news/articleView.html?idxno=98482,http://www.newskr.kr/news/articleView.html?idxno=98482,"다 조작이 가능하다&quot;며 <b>김해준</b>에게 기록 측정을 요청했다. 그 결과 제작진이 측정한 기록은 2분 12초 32였고, <b>김해준</b>이 측정한 기록은 2분 12초 15였다. 이에 문세윤은 &quot;거봐! 거짓말했지&quot;라고 억지 주장을 하며 제작진을... ","Mon, 31 Mar 2025 13:20:00 +0900"
9,"문세윤, 제작진 조작 의혹 제기했다…&quot;거짓말, 못 믿겠어&quot; ('맛녀석')",https://tenasia.hankyung.com/article/2025033194804,https://m.entertain.naver.com/article/312/0000706275,"다 조작이 가능하다&quot;라며 <b>김해준</b>에게 기록 측정을 요청했다. 그 결과 제작진이 측정한 기록은 2분 12초 32였고, <b>김해준</b>이 측정한 기록은 2분 12초 15였다. 이에 문세윤은 &quot;거봐! 거짓말했지&quot;라고 억지 주장을 하며 제작진을... ","Mon, 31 Mar 2025 11:38:00 +0900"
10,"'THE 맛녀석' 문세윤, 제작진에 '조작 의혹' 제기…불신 폭발했다",https://www.xportsnews.com/article/1980032,https://m.entertain.naver.com/article/311/0001845243,"다 조작이 가능하다&quot;라며 <b>김해준</b>에게 기록 측정을 요청했다. 그 결과 제작진이 측정한 기록은 2분 12초 32였고, <b>김해준</b>이 측정한 기록은 2분 12초 15였다. 이에 문세윤은 &quot;거봐! 거짓말했지&quot;라고 억지 주장을 하며 제작진을... ","Mon, 31 Mar 2025 11:37:00 +0900"
11,"‘아리랑’ 황신정, 배우 김국현 子 사업가와 4월 백년가약",https://www.newsen.com/news_view.php?uid=202503311119301910,https://m.entertain.naver.com/article/609/0000969836,"두 사람의 결혼식은 새롭게 단장한 강남 아르베웨딩에서 <b>김해준</b> 디렉터와 함께 진행될 예정이다. 축가는 이시안(신의목소리), 정준교(오빠시대), 빅토리아(팝페라)가 맡는다. 황신정은 북한에서도 상영된 영화 '아리랑... ","Mon, 31 Mar 2025 11:27:00 +0900"
12,"'THE 맛녀석' 문세윤, 쪼는맛 게임에 흑화…억지 조작설 제기",http://www.starnewsk.com/news/articleView.html?idxno=45162,http://www.starnewsk.com/news/articleView.html?idxno=45162,"다 조작이 가능하다&quot;라며 <b>김해준</b>에게 기록 측정을 요청했다. 그 결과 제작진이 측정한 기록은 2분 12초 32였고, <b>김해준</b>이 측정한 기록은 2분 12초 15였다. 이에 문세윤은 &quot;거봐! 거짓말했지&quot;라고 억지 주장을 하며 제작진을... ","Mon, 31 Mar 2025 11:22:00 +0900"
13,"[비즈 르포] 윤형빈소극장 문 닫는 날, 마지막 공연도 웃으며 안녕①",http://enter.etoday.co.kr/news/view/274791,http://enter.etoday.co.kr/news/view/274791,"'개그콘서트'에서 활약 중인 신윤승, 조수연, 박민성을 비롯해 개그맨 정찬민, 신규진, <b>김해준</b>, 최지용, 박세미, 김두현, 최지명, 이유미, 강주원, 개그 아이돌 코쿤 등 방송과 유튜브를 넘나들며 활약 중인 개그맨들... ","Mon, 31 Mar 2025 03:02:00 +0900"
14,"'맛있는녀석들' 닭내장탕 특집…<b>김해준</b>, 인생 몸무게 107.7kg 공개",https://www.job-post.co.kr/news/articleView.html?idxno=138292,https://www.job-post.co.kr/news/articleView.html?idxno=138292,이미지출처 = 코미디TV 예능 'THE 맛있는 녀석들' 코미디TV 예능 'THE 맛있는 녀석들'에서 <b>김해준</b>이 인생 최대... 본격적인 먹방을 앞두고 문세윤은 <b>김해준</b>의 돌출된 D라인을 지적하며 &quot;배로 테이블을 밀 생각이냐&quot;고 놀렸고... ,"Sun, 30 Mar 2025 11:54:00 +0900"
15,"45세 신봉선, 개그맨 부부 24호 꿈꾸나 &quot;개그맨들끼리 '나는솔로' 하자&quot;",http://www.atstar1.com/news/articleView.html?idxno=6022138,https://m.entertain.naver.com/article/415/0000036820,"&quot;라고 물었고, 박휘순은 &quot;너무 재밌겠다. 매칭되면 너무 웃기다&quot;고 화답했다. 개그맨 부부 계보는 1호 최양락 팽현숙 부부를 시작으로 지난해 10월 결혼한 <b>김해준</b> 김승혜 부부 23호까지 나온 상태다. (사진=신봉선 채널)","Sat, 29 Mar 2025 13:00:00 +0900"
16,'THE 맛있는 녀석들' 서울 가락동 돼지막창구이 맛집 위치는? &quot;칼칼한 매...,https://www.topstarnews.net/news/articleView.html?idxno=15624975,https://www.topstarnews.net/news/articleView.html?idxno=15624975,"김준현·문세윤·황제성·<b>김해준</b> 4인방은 서울 상왕십리역 닭내장탕 식당, 가락동 돼지막창구이 음식점을 방문했다. 서울 송파구 가락동, 경찰병원역 인근 약 300m 거리에 위치한 돼지막창 맛집은 인기 막창집니이다.... ","Fri, 28 Mar 2025 20:16:00 +0900"
17,'THE 맛있는 녀석들' 서울 상왕십리역 닭내장탕 맛집 위치는? &quot;50년 전통...,https://www.topstarnews.net/news/articleView.html?idxno=15624974,https://www.topstarnews.net/news/articleView.html?idxno=15624974,"김준현·문세윤·황제성·<b>김해준</b> 4인방은 서울 상왕십리역 닭내장탕 식당, 가락동 돼지막창구이 음식점을 방문했다. 서울 성동구 도선동, 상왕십리역 인근 약 150m 거리의 양지사거리 일대 위치한 닭내장탕 맛집은 인기... ","Fri, 28 Mar 2025 20:06:00 +0900"
18,"107.7kg 찍고 D라인 장착…<b>김해준</b>, 임산부도 놀랄 ‘진짜 맛녀석’",https://www.mk.co.kr/article/11275942,https://m.entertain.naver.com/article/410/0001058159,개그맨 <b>김해준</b>이 역대급 몸무게와 폭발적인 D라인으로 ‘진짜 맛있는 녀석’에 등극했다. 오는 28일... 방송 초반부터 문세윤은 <b>김해준</b>의 압도적인 D라인에 주목했다. “배로 테이블 밀 생각이냐?”며 폭소를 터뜨렸고... ,"Fri, 28 Mar 2025 09:20:00 +0900"
19,"&quot;107.7kg&quot; <b>김해준</b>, ♥김승혜보다 먼저 D라인 됐다…&quot;인생 최대 몸무게 달...",https://mydaily.co.kr/page/view/2025032710181069403,https://m.entertain.naver.com/article/117/0003926729,개그맨 <b>김해준</b>이 인생 최대 몸무게를 공개한다. 28일 방송되는 코미디TV 'THE 맛있는 녀석들'에서는 속 보이는... 본격적인 먹방을 위해 자리를 잡은 문세윤은 <b>김해준</b>의 심상치 않은(?) D라인에 “배로 테이블을 밀... ,"Fri, 28 Mar 2025 06:43:00 +0900"
20,"'신혼 6개월차' <b>김해준</b> &quot;몸무게 107.7kg, 인생 최대&quot;…새신랑의 D라인('맛...",https://tenasia.hankyung.com/article/2025032720914,https://m.entertain.naver.com/article/312/0000705912,개그우먼 김승혜와 신혼 생활 6개월 차인 개그맨 <b>김해준</b>이 현재 107.7kg로 인생 최대 몸무게라고 밝힌다. 28일... 본격적인 먹방을 위해 자리를 잡은 문세윤은 <b>김해준</b>의 심상치 않은(?) D라인에 &quot;배로 테이블을 밀 생각이냐?... ,"Fri, 28 Mar 2025 06:23:00 +0900"
21,"유진證 오너 유창수 대표, '20년 집권' 성공… 제자리 주가 과제",https://it.chosun.com/news/articleView.html?idxno=2023092137111,https://it.chosun.com/news/articleView.html?idxno=2023092137111,그간 증권사에서 최장수 CEO로 꼽히던 최희문 전 메리츠증권 대표(13년 7개월)와 <b>김해준</b> 전 교보증권 대표(13년) 재임 기간을 크게 넘어서는 경력이다. 이번 연임의 배경에는 호실적이 있다. 지난해 유진투자증권의... ,"Fri, 28 Mar 2025 06:00:00 +0900"
22,"“107kg 도달, D라인 됐다” <b>김해준</b> 살 훅 찐 근황, 의외의 원인은?",https://health.chosun.com/site/data/html_dir/2025/03/27/2025032702952.html,https://n.news.naver.com/mnews/article/346/0000089581?sid=004,개그맨 <b>김해준</b>(38)이 인생 최대 몸무게를 찍었다고 밝혔다. 28일 방송되는 코미디TV ‘THE 맛있는 녀석들’에 출연한 <b>김해준</b>은 부쩍 살이 늘어난 모습으로 등장했다. 특히 뱃살이 나와 D라인이 된 <b>김해준</b>에 문세윤은 “배로... ,"Fri, 28 Mar 2025 00:02:00 +0900"
23,"<b>김해준</b>, '107.7kg' 찍고 심상치 않은 D라인…김준현도 자제 요구 ('맛녀석...",https://tenasia.hankyung.com/article/2025032721374,https://m.entertain.naver.com/article/312/0000705904,"<b>김해준</b>이 인생 최대 몸무게를 공개한다. 28일 코미디TV 'THE 맛있는 녀석들'에서는 속 보이는 특집으로, 내장 요리인 닭내장탕과 돼지막창구이 맛집을 소개한다. 본격적인 먹방을 위해 자리를 잡은 문세윤은 <b>김해준</b>의... ","Thu, 27 Mar 2025 23:51:00 +0900"
24,"<b>김해준</b>, 인생 최대 몸무게 '107.7㎏' 찍었다…&quot;라디오 주파수네&quot;",http://news.mt.co.kr/mtview.php?no=2025032721324319323,https://m.entertain.naver.com/article/008/0005172212,개그우먼 김승혜와 결혼한 개그맨 <b>김해준</b>이 인생 최대 몸무게를 찍었다고 고백한다. <b>김해준</b>은 28일 방송되는 코디미TV 'THE 맛있는 녀석들'에서 자신의 몸무게를 공개한다. 예고편에 따르면 출연진은 닭내장탕과... ,"Thu, 27 Mar 2025 21:39:00 +0900"
25,"<b>김해준</b>, ♥김승혜와 결혼 후 인생 최대 몸무게 기록...‘최고 몸무게 경...",https://www.sportsworldi.com/newsView/20250327521350,https://m.entertain.naver.com/article/396/0000704332,개그맨 <b>김해준</b>이 인생 최대 몸무게를 공개한다.  사진 = 코미디TV ‘THE 맛있는 녀석들’ 개그맨 <b>김해준</b>이 인생 최대 몸무게를 공개한다. 오는 28일 방송되는 코미디TV 예능 프로그램 ‘THE 맛있는 녀석들’에서는 속... ,"Thu, 27 Mar 2025 21:27:00 +0900"
26,"좁아진 K-코미디 무대, 돌파구 찾는 희극인들",https://www.sportsworldi.com/newsView/20250327518021,https://m.entertain.naver.com/article/396/0000704304,"신윤승, 조수연, 박민성, 정찬민, 신규진, <b>김해준</b>, 최지용, 박세미 등의 신인들을 배출했다. 윤형빈은 “개그맨들이 설 자리를 잃고 무대가 없던 코로나19 시절 아무리 힘들고 어려워져도 이 작은 무대라도 지켜야겠다는... ","Thu, 27 Mar 2025 17:05:00 +0900"
27,"'THE 맛있는 녀석들' <b>김해준</b>, &quot;인생 최대 몸무게 107.7kg 찍었다&quot;",http://www.queen.co.kr/news/articleView.html?idxno=430942,http://www.queen.co.kr/news/articleView.html?idxno=430942,"이날 방송에서 문세윤은 본격적인 먹방을 위해 자리를 잡은 후 <b>김해준</b>의 심상치 않은) D라인에 &quot;배로 테이블을 밀 생각이냐? 왜 이렇게 배가 점점 튀어나오냐&quot;고 놀린다. 이에 <b>김해준</b>은 &quot;인생 최대 몸무게를 찍었다, 이틀... ","Thu, 27 Mar 2025 14:20:00 +0900"
28,"<b>김해준</b>, 결혼하고 너무 행복했나 심각한 D라인 “체중 107.7kg” 고백",https://www.sportsseoul.com/news/read/1504075?ref=naver,https://m.entertain.naver.com/article/468/0001135337,사진 | 코미디TV 개그맨 <b>김해준</b>의 건강에 적신호가 켜졌다. 오는 28일 방송되는 코미디TV ‘THE 맛있는... 이날 방송에서 먹방을 위해 자리 잡은 문세윤은 <b>김해준</b>의 D라인을 보고 “배로 테이블을 밀 생각이냐? 왜 이렇게... ,"Thu, 27 Mar 2025 14:08:00 +0900"
29,"'THE 맛녀석' <b>김해준</b>, &quot;몸무게 107.7kg...인생 최고 몸무게 찍어&quot;",https://www.newsinside.kr/news/articleView.html?idxno=3494446,https://www.newsinside.kr/news/articleView.html?idxno=3494446,"<b>김해준</b>이 인생 최대 몸무게를 공개한다. 28일 코미디TV 'THE 맛있는 녀석들'에서는 속 보이는 특집으로, 내장 요리인 닭내장탕과 돼지막창구이 맛집을 소개한다. 본격적인 먹방을 위해 자리를 잡은 문세윤은 <b>김해준</b>의... ","Thu, 27 Mar 2025 13:36:00 +0900"
30,김승혜와 결혼한 후 인생 최고 몸무게 찍었다는 <b>김해준</b>... &quot;최근 107.7kg 돌...,https://www.insight.co.kr/news/496796,https://www.insight.co.kr/news/496796,"코미디언 <b>김해준</b>, 몸무게 107kg 돌파해 코미디언 <b>김해준</b>이 자신의 인생 최대 몸무게를 공개하며 화제를 모았다. 오는 28일 방송되는 코미디TV 'THE 맛있는 녀석들'에서는 속 보이는 특집으로 내장 요리인 닭내장탕과... ","Thu, 27 Mar 2025 11:18:00 +0900"
31,"'THE 맛있는 녀석들' <b>김해준</b>, 인생 최대 몸무게 공개",https://www.tfmedia.co.kr/news/article.html?no=183445,https://www.tfmedia.co.kr/news/article.html?no=183445,"녀석들' <b>김해준</b>, 인생 최대 몸무게 공개. 28일 방송되는 코미디TV 'THE 맛있는 녀석들'은 속 보이는 특집으로 내장 요리인 닭내장탕과 돼지막창구이 맛집을 소개한다. 본격적인 먹방을 위해 자리를 잡은 문세윤은 <b>김해준</b>의... ","Thu, 27 Mar 2025 10:58:00 +0900"
32,"<b>김해준</b>, 다이어트 안 하나…인생 최대 몸무게 107.7kg 찍었다('맛있는 녀...",https://sports.hankooki.com/news/articleView.html?idxno=6893367,https://sports.hankooki.com/news/articleView.html?idxno=6893367,<b>김해준</b>이 인생 최대 몸무게를 솔직하게 공개하며 웃음을 안겼다. 28일 방송되는 코미디TV 'THE 맛있는 녀석들'은 '속 보이는 특집'으로 꾸며져 닭내장탕과 돼지막창구이 맛집을 찾아 먹방을 펼친다. 예상치 못한 몸무게... ,"Thu, 27 Mar 2025 10:58:00 +0900"
33,"'THE 맛있는 녀석들' <b>김해준</b>, 인생 최대 몸무게 공개",https://www.jemin.com/news/articleView.html?idxno=793185,https://www.jemin.com/news/articleView.html?idxno=793185,"'THE 맛있는 녀석들' <b>김해준</b>, 인생 최대 몸무게 공개. 28일 방송되는 코미디TV 'THE 맛있는 녀석들... 본격적인 먹방을 위해 자리를 잡은 문세윤은 <b>김해준</b>의 심상치 않은 D라인에 배로 테이블을 밀... ","Thu, 27 Mar 2025 10:58:00 +0900"
34,"'THE맛녀석' <b>김해준</b>, 인생 몸무게 107.7kg D라인에 '폭소'",http://www.newskr.kr/news/articleView.html?idxno=98451,http://www.newskr.kr/news/articleView.html?idxno=98451,"<b>김해준</b>이 인생 최대 몸무게를 공개한다. 28일 코미디TV 'THE 맛있는 녀석들'에서 속 보이는 특집으로, 내장 요리인 닭 내장탕과 돼지 막창구이 맛집을 소개한다. 본격적인 먹방을 위해 자리를 잡은 문세윤은 <b>김해준</b>의... ","Thu, 27 Mar 2025 10:30:00 +0900"
35,"<b>김해준</b>, ♥김승혜와 결혼 후…몸무게 “107.7kg” 최고 기록 (맛녀석)",https://sports.khan.co.kr/article/202503271026003?pt=nv,https://m.entertain.naver.com/article/144/0001028296,<b>김해준</b>이 ‘맛있는 녀석들’에서 인생 최대 몸무게를 공개한다. 28일 코미디TV ‘THE 맛있는 녀석들’에서는... 본격적인 먹방을 위해 자리를 잡은 문세윤은 <b>김해준</b>의 심상치 않은(?) D라인에 “배로 테이블을 밀... ,"Thu, 27 Mar 2025 10:27:00 +0900"
36,D라인 대란… '인생 최대 몸무게' 찍었다는 <b>김해준</b> 근황 (+사진),https://www.wikitree.co.kr/articles/1037060,https://www.wikitree.co.kr/articles/1037060,<b>김해준</b>이 인생 최대 몸무게를 찍었다.오는 28일 방송되는 코미디TV ’THE 맛있는 녀석들’에서는 속 보이는... 본격적인 먹방을 위해 자리를 잡은 문세윤은 <b>김해준</b>의 심상치 않은(?) D라인에 “배로 테이블을 밀 생각이냐?... ,"Thu, 27 Mar 2025 10:24:00 +0900"
37,"'김승혜♥' <b>김해준</b>, 신혼 6개월 차에 D라인...&quot;107kg, 인생 최대&quot; (맛녀석...",https://www.xportsnews.com/article/1978295,https://m.entertain.naver.com/article/311/0001843554,<b>김해준</b>이 인생 최대 몸무게를 공개한다. 28일 오후 8시 방송되는 코미디TV 'THE 맛있는 녀석들'에서는 속... 이날 본격적인 먹방을 위해 자리를 잡은 문세윤은 <b>김해준</b>의 심상치 않은(?) D라인에 “배로 테이블을 밀... ,"Thu, 27 Mar 2025 10:02:00 +0900"
38,"'THE 맛녀석' <b>김해준</b>, D라인 공개 &quot;몸무게 107.7kg 인생 최고치&quot;",http://www.starnewsk.com/news/articleView.html?idxno=45082,http://www.starnewsk.com/news/articleView.html?idxno=45082,"<b>김해준</b>이 인생 최대 몸무게를 공개한다. 28일 코미디TV 'THE 맛있는 녀석들'에서는 속 보이는 특집으로, 내장 요리인 닭내장탕과 돼지막창구이 맛집을 소개한다. 본격적인 먹방을 위해 자리를 잡은 문세윤은 <b>김해준</b>의... ","Thu, 27 Mar 2025 10:02:00 +0900"
39,"새신랑 <b>김해준</b>, 몸무게 107.7kg &quot;라디오 주파수 급 몸무게&quot; (맛있는녀석...",http://www.atstar1.com/news/articleView.html?idxno=6022055,https://m.entertain.naver.com/article/415/0000036740,<b>김해준</b>이 인생 최대 몸무게를 공개한다. 28일 방송되는 코미디TV 'THE 맛있는 녀석들'에서 본격적인 먹방을 위해 자리를 잡은 문세윤은 <b>김해준</b>의 심상치 않은(?) D라인에 &quot;배로 테이블을 밀 생각이냐? 왜 이렇게 배가... ,"Thu, 27 Mar 2025 09:59:00 +0900"
40,"<b>김해준</b>, 몸무게 107.7kg 찍었다 &quot;먹방하다 인생 최대치&quot; (THE 맛녀석)",https://sports.chosun.com/entertainment/2025-03-27/202503270100183560027149,https://m.entertain.naver.com/article/076/0004259072,"<b>김해준</b>이 인생 최대 몸무게를 공개한다. 28일 코미디TV 에서는 속 보이는 특집으로, 내장 요리인 닭내장탕과 돼지막창구이 맛집을 소개한다. 본격적인 먹방을 위해 자리를 잡은 문세윤은 <b>김해준</b>의 심상치 않은(?) D라인에... ","Thu, 27 Mar 2025 09:59:00 +0900"
41,"<b>김해준</b>, 김승혜와 결혼하더니 인생 최대 몸무게 찍었다 107.7㎏(맛녀석)",https://www.newsen.com/news_view.php?uid=202503270941571910,https://m.entertain.naver.com/article/609/0000968362,"<b>김해준</b>이 인생 최대 몸무게를 찍었다. 3월 28일 방송되는 코미디TV 'THE 맛녀석'에서는 속 보이는 특집으로, 내장 요리인 닭내장탕과 돼지막창구이 맛집이 소개된다. 본격적인 먹방을 위해 자리를 잡은 문세윤은 <b>김해준</b>의... ","Thu, 27 Mar 2025 09:49:00 +0900"
42,"<b>김해준</b>, D라인 몸매 지적에 깜짝 고백 &quot;최근 107kg 돌파&quot;",https://www.hankookilbo.com/News/Read/A2025032709380005055?did=NA,https://m.entertain.naver.com/article/469/0000856039,코미디언 <b>김해준</b>이 인생 최대 몸무게를 공개한다. 오는 28일 방송되는 코미디TV 'THE 맛있는 녀석들'에서는 속... 본격적인 먹방을 위해 자리를 잡은 문세윤은 <b>김해준</b>의 심상치 않은 D라인에 &quot;배로 테이블을 밀 생각이냐? 왜... ,"Thu, 27 Mar 2025 09:45:00 +0900"
43,"<b>김해준</b>, ‘THE 맛녀석’ 출연 후 인생 최고 몸무게",https://www.bntnews.co.kr/article/view/bnt202503270076,https://www.bntnews.co.kr/article/view/bnt202503270076,예능 ‘THE 맛있는 녀석들’ (제공: 코미디TV) <b>김해준</b>이 인생 최대 몸무게를 공개한다. 오는 28일 코미디TV... 본격적인 먹방을 위해 자리를 잡은 문세윤은 <b>김해준</b>의 심상치 않은(?) D라인에 “배로 테이블을 밀 생각이냐? 왜... ,"Thu, 27 Mar 2025 09:44:00 +0900"
44,"'김승혜♥' <b>김해준</b>, 결혼 6개월 만에 심상치 않은 D라인…&quot;인생 최대 몸...",http://www.osen.co.kr/article/G1112532275,https://m.entertain.naver.com/article/109/0005269898,<b>김해준</b>이 인생 최대 몸무게를 공개한다. 28일 방송되는 코미디TV ‘THE 맛있는 녀석들’은 속 보이는... 본격적인 먹방을 위해 자리를 잡은 문세윤은 <b>김해준</b>의 심상치 않은(?) D라인에 “배로 테이블을 밀 생각이냐? 왜... ,"Thu, 27 Mar 2025 09:42:00 +0900"
45,"'김승혜♥' <b>김해준</b>, 신혼생활 중 인생 최대 몸무게 경신 &quot;107kg 찍어&quot; [THE...",https://www.starnewskorea.com/stview.php?no=2025032709370546019,https://m.entertain.naver.com/article/108/0003315003,<b>김해준</b>이 인생 최대 몸무게를 공개한다. 오는 28일 방송되는 코미디TV 예능 프로그램 'THE 맛있는 녀석들... 본격적인 먹방을 위해 자리를 잡은 문세윤은 <b>김해준</b>의 심상치 않은 D라인에 &quot;배로 테이블을 밀 생각이냐? 왜... ,"Thu, 27 Mar 2025 09:41:00 +0900"
46,"<b>김해준</b>, 심상찮은 D라인…&quot;몸무게 107.7㎏ 인생 최대치&quot;",https://www.news1.kr/entertain/broadcast-tv/5733159,https://m.entertain.naver.com/article/421/0008156093,'THE 맛있는 녀석들' <b>김해준</b>이 인생 최대 몸무게를 공개한다. 오는 28일 코미디TV 'THE 맛있는 녀석들'은 '속... 이날 방송에서 문세윤은 본격적인 먹방을 위해 자리를 잡은 후 <b>김해준</b>의 심상치 않은) D라인에 &quot;배로 테이블을... ,"Thu, 27 Mar 2025 09:41:00 +0900"
47,"[문화연예 플러스] 윤형빈소극장, 15년 만에 문 닫는다",https://imnews.imbc.com/replay/2025/nwtoday/article/6700177_36807.html,https://m.entertain.naver.com/article/214/0001414172,"운영한 공간으로, 15년간 국내 코미디 공연이 다양하게 열린 곳입니다. 오는 30일 마지막 공연을 끝으로 문을 닫게 됐는데요. 그동안 <b>김해준</b>, 김두현, 나보람 등 신인 개그맨들이 이 소극장을 발판으로 탄생했습니다.","Thu, 27 Mar 2025 06:59:00 +0900"
48,"코미디 전용 공연장 윤형빈소극장, 15년만에 문 닫는다",https://biz.heraldcorp.com/article/10450991?ref=naver,https://n.news.naver.com/mnews/article/016/0002448158?sid=103,"현재 KBS2 ‘개그콘서트’에서 활약 중인 신윤승, 조수연, 박민성을 비롯해 개그맨 정찬민, 신규진, <b>김해준</b>, 최지용, 박세미, 유튜브 채널 ‘싱글벙글’ 김두현, 최지명, 이유미, 개그 아이돌 코쿤, tvN ‘코미디빅리그’... ","Wed, 26 Mar 2025 18:59:00 +0900"
49,"'맛있는녀석들' 물갈비 신혼 <b>김해준</b>, 주꾸미 한입만에 &quot;화가 난다&quot;",https://www.stardailynews.co.kr/news/articleView.html?idxno=480841,https://www.stardailynews.co.kr/news/articleView.html?idxno=480841,"<b>김해준</b>이 '맛있는 녀석들'에서 유쾌한 고통과 웃음을 동시에 선사했다. 지난 21일 방송된 코미디TV 'THE 맛있는 녀석들'은 '물불 안 가리는 특집'으로 꾸며졌고, <b>김해준</b>은 물에 끓여 먹는 물갈비와 불에 구워 먹는... ","Wed, 26 Mar 2025 17:42:00 +0900"
50,"'개콘' 신윤승・조수연 배출한 윤형빈소극장, 15년 만에 폐관",https://daily.hankooki.com/news/articleView.html?idxno=1196088,https://daily.hankooki.com/news/articleView.html?idxno=1196088,"현재 KBS2 '개그콘서트'에서 활약 중인 신윤승, 조수연, 박민성을 비롯해 개그맨 정찬민, 신규진, <b>김해준</b>, 최지용, 박세미, 유튜브 채널 '싱글벙글' 김두현, 최지명, 이유미, 개그 아이돌 코쿤, tvN '코미디빅리그' 출신... ","Wed, 26 Mar 2025 17:30:00 +0900"
51,"윤형빈소극장, 30일 마지막 공연으로 15년 만에 폐관",http://www.queen.co.kr/news/articleView.html?idxno=430864,http://www.queen.co.kr/news/articleView.html?idxno=430864,"이에 현재도 KBS 2TV '개그콘서트'에서 활약 중인 신윤승, 조수연, 박민성을 비롯해 개그맨 정찬민, 신규진, <b>김해준</b>, 최지용, 박세미, 김두현, 최지명, 이유미, 개그 아이돌 코쿤, tvN '코미디빅리그' 출신 나보람, 박경호... ","Wed, 26 Mar 2025 17:20:00 +0900"
52,"윤형빈 소극장, 15년 만에 폐관…&quot;잘 놀다 갑니다&quot;",http://news.mt.co.kr/mtview.php?no=2025032616124877457,https://n.news.naver.com/mnews/article/008/0005171383?sid=103,"윤형빈소극장을 거쳐 간 개그맨은 '개그콘서트'에서 활약 중인 신윤승, 조수연, 박민성, 정찬민, 신규진, <b>김해준</b> 등이 있다. 김시우, 서아름 등 KBS 33기 신인과 강주원, 서유기 등 34기 개그맨도 이곳에서 경험을 쌓았다.... ","Wed, 26 Mar 2025 16:33:00 +0900"
53,신인 개그맨 발굴하던 '윤형빈 소극장'... 개관 15년 만에 역사 속으로 ...,https://www.insight.co.kr/news/496655,https://www.insight.co.kr/news/496655,"현재 KBS 2TV '개그콘서트'에서 활약 중인 신윤승, 조수연, 박민성을 비롯해 정찬민, 신규진, <b>김해준</b> 등 많은 개그맨들이 이곳 출신이다. 또한 유튜브 채널 '싱글벙글'의 김두현, 최지명, 이유미와 tvN '코미디빅리그' 출신... ","Wed, 26 Mar 2025 15:50:00 +0900"
54,"윤형빈소극장, 15년 만에 역사 속으로… 폐관 결정",https://isplus.com/article/view/isp202503260203,https://m.entertain.naver.com/article/241/0003423466,"현재 KBS2 ‘개그콘서트’에서 활약 중인 신윤승, 조수연, 박민성을 비롯해 개그맨 정찬민, 신규진, <b>김해준</b>, 최지용, 박세미, 유튜브 채널 '싱글벙글' 김두현, 최지명, 이유미, 개그 아이돌 코쿤, tvN ‘코미디빅리그’... ","Wed, 26 Mar 2025 15:32:00 +0900"
55,코미디 전용극장 '윤형빈소극장' 역사 속으로…&quot;15년 매주 즐거웠다&quot;,http://www.yonhapnewstv.co.kr/AKR20250326150901832,https://n.news.naver.com/mnews/article/422/0000724889?sid=004,"이곳을 거쳐 간 코미디언으로는 '개그콘서트'에 출연 중인 신윤승, 조수연, 박민성을 비롯해 정찬민, 신규진, <b>김해준</b> 등이 있습니다. 김시우, 서아름 등 KBS 33기 신인 개그맨과 강주원, 서유기 등 34기 개그맨도... ","Wed, 26 Mar 2025 15:09:00 +0900"
56,"'정경미♥’ 윤형빈, 15년 만에 ‘국내 유일’ 소극장 폐관...이유는?",http://www.segye.com/newsView/20250326511925?OutUrl=naver,https://m.entertain.naver.com/article/022/0004022393,"해당 극장은 개그맨 윤형빈이 직접 설립하고 운영하면서 KBS2 ‘개그콘서트’에서 활약 중인 신윤승, 조수연, 박민성을 비롯해 개그맨 정찬민, 신규진, <b>김해준</b>, 최지용, 박세미 등을 키웠다. 윤형빈이 폐관 소식과 함께... ","Wed, 26 Mar 2025 14:58:00 +0900"
57,"'신인 코미디언 양성소' 윤형빈소극장, 15년 역사 품고 폐관",https://www.news1.kr/entertain/celebrity-topic/5732072,https://m.entertain.naver.com/article/421/0008154391,"이에 현재도 KBS 2TV '개그콘서트'에서 활약 중인 신윤승, 조수연, 박민성을 비롯해 개그맨 정찬민, 신규진, <b>김해준</b>, 최지용, 박세미, 김두현, 최지명, 이유미, 개그 아이돌 코쿤, tvN '코미디빅리그' 출신 나보람, 박경호... ","Wed, 26 Mar 2025 14:44:00 +0900"
58,"코미디 전용 공연장 '윤형빈소극장', 15년 만에 역사 속으로",https://ent.sbs.co.kr/news/article.do?article_id=E10010299389&plink=ORI&cooper=NAVER,https://m.entertain.naver.com/article/416/0000312641,"현재 KBS2 '개그콘서트'에서 활약 중인 신윤승, 조수연, 박민성을 비롯해 개그맨 정찬민, 신규진, <b>김해준</b>, 최지용, 박세미, 유튜브 채널 '싱글벙글' 김두현, 최지명, 이유미, 개그 아이돌 코쿤, tvN '코미디빅리그' 출신 나보람... ","Wed, 26 Mar 2025 14:38:00 +0900"
59,‘코미디 산실’ 홍대 윤형빈소극장 폐관... 오는 30일 마지막 공연,https://www.bntnews.co.kr/article/view/bnt202503260101,https://www.bntnews.co.kr/article/view/bnt202503260101,"현재 KBS2 ‘개그콘서트’에서 활약 중인 신윤승, 조수연, 박민성을 비롯해 개그맨 정찬민, 신규진, <b>김해준</b>, 최지용, 박세미, 유튜브 채널 ‘싱글벙글’ 김두현, 최지명, 이유미, 개그 아이돌 코쿤, tvN ‘코미디빅리그’... ","Wed, 26 Mar 2025 14:16:00 +0900"
60,'김지민♥ 김준호 &quot;탁재훈 때문에 신혼집 용산에 구해&quot; ('돌싱포맨'),https://www.tvreport.co.kr/star/article/892706/,https://m.entertain.naver.com/article/213/0001332027,"예능 '미운 우리 새끼'를 통해 김준호가 김지민에게 공개적으로 프러포즈하며 결혼을 결심했다. 이들은 개그맨 23호 부부인 <b>김해준</b>-김승혜 부부에 이어 24호 부부가 될 예정이다. 사진= TV리포트 DB , SBS '신발 벗고 돌싱포맨'","Wed, 26 Mar 2025 14:15:00 +0900"
61,"‘코미디 전용’ 윤형빈소극장, 15년 만에 폐관…“관객과 개그맨들에 ...",https://www.viva100.com/article/20250326501099,https://www.viva100.com/article/20250326501099,"현재 KBS2 ‘개그콘서트’에서 활약 중인 신윤승, 조수연, 박민성을 비롯해 개그맨 정찬민, 신규진, <b>김해준</b>, 최지용, 박세미, 유튜브 채널 ‘싱글벙글’ 김두현, 최지명, 이유미, 개그 아이돌 코쿤, tvN ‘코미디빅리그’... ","Wed, 26 Mar 2025 14:14:00 +0900"
62,윤형빈소극장 폐관 결정…15년 만에 역사 속으로,https://sports.donga.com/ent/article/all/20250326/131285631/1,https://m.entertain.naver.com/article/382/0001186515,"현재 KBS2 ‘개그콘서트’에서 활약 중인 신윤승, 조수연, 박민성을 비롯해 개그맨 정찬민, 신규진, <b>김해준</b>, 최지용, 박세미, 유튜브 채널 ‘싱글벙글’ 김두현, 최지명, 이유미, 개그 아이돌 코쿤, tvN ‘코미디빅리그’... ","Wed, 26 Mar 2025 13:57:00 +0900"
63,"'신인 개그맨 양성' 윤형빈소극장, 15년만 폐관 [공식]",http://starin.edaily.co.kr/news/newspath.asp?newsid=01184086642107256,https://m.entertain.naver.com/article/018/0005971263,"현재 KBS2 ‘개그콘서트’에서 활약 중인 신윤승, 조수연, 박민성을 비롯해 개그맨 정찬민, 신규진, <b>김해준</b>, 최지용, 박세미, 유튜브 채널 ‘싱글벙글’ 김두현, 최지명, 이유미, 개그 아이돌 코쿤, tvN ‘코미디빅리그’... ","Wed, 26 Mar 2025 13:46:00 +0900"
64,"[단독] '15년 만에 소극장 폐관' 윤형빈 인터뷰…&quot;4월은 휴식기, 지방 투...",https://tenasia.hankyung.com/article/2025032698404,https://m.entertain.naver.com/article/312/0000705681,"신윤승 외에도 조수연, 박민성, 정찬민, 신규진, <b>김해준</b>, 최지용, 박세미, 유튜브 채널 '싱글벙글' 김두현, 최지명, 이유미, 개그 아이돌 코쿤, tvN '코미디빅리그' 출신 나보람, 박경호, 최우선 등이 윤형빈소극장 출신이다.... ","Wed, 26 Mar 2025 13:30:00 +0900"
65,"'신인개그맨 산실' 윤형빈소극장, 15년만에 역사 속으로",https://www.slist.kr/news/articleView.html?idxno=629909,https://www.slist.kr/news/articleView.html?idxno=629909,"현재 KBS2 '개그콘서트'에서 활약 중인 신윤승, 조수연, 박민성을 비롯해 개그맨 정찬민, 신규진, <b>김해준</b>, 최지용, 박세미, 유튜브 채널 '싱글벙글' 김두현, 최지명, 이유미, 개그 아이돌 코쿤, tvN '코미디빅리그' 출신... ","Wed, 26 Mar 2025 13:12:00 +0900"
66,"윤형빈, 안타까운 소식 전했다...&quot;15년간 운영한 소극장 폐관&quot; [전문]",https://sports.chosun.com/entertainment/2025-03-26/202503260100176540026067,https://m.entertain.naver.com/article/076/0004258700,"이곳을 거쳐 간 코미디언으로는 '개그콘서트'에 출연 중인 신윤승, 조수연, 박민성을 비롯해 정찬민, 신규진, <b>김해준</b> 등이 있다. ▶윤형빈 글 전문 안녕하세요. 윤형빈 소극장의 극장장 윤형빈입니다. 어디서부터 이야기를... ","Wed, 26 Mar 2025 13:07:00 +0900"
67,제주 고등학생들이 만든 '모슬포 간판 메이크오버 프로젝트' 후원자 모...,https://www.jemin.com/news/articleView.html?idxno=792971,https://www.jemin.com/news/articleView.html?idxno=792971,"한국국제학교 제주캠퍼스에 재학중인 <b>김해준</b> (Daniel Kim) 대표는 &quot;간판 하나로 사람들의 시선과 발걸음이 달라진다. 밝은 간판은 가게를 알리고, 다시 마을에 활력을 불어넣는다&quot;고 프로젝트를 시작한 계기를 밝혔다.... ","Wed, 26 Mar 2025 12:08:00 +0900"
68,"윤형빈소극장, 15년 만에 폐관…30일 마지막 공연",https://news.tf.co.kr/read/entertain/2191104.htm,https://m.entertain.naver.com/article/629/0000376102,"현재 KBS2 '개그콘서트'에서 활약 중인 신윤승 조수연 박민성을 비롯해 개그맨 정찬민 신규진 <b>김해준</b> 최지용 박세미, 유튜브 채널 '싱글벙글'의 김두현 최지명 이유미, 개그 아이돌 코쿤, tvN '코미디빅리그' 출신 나보람... ","Wed, 26 Mar 2025 11:44:00 +0900"
69,코미디 전용극장 '윤형빈소극장' 폐관…&quot;15년간 매주 즐거웠다&quot;,https://www.yna.co.kr/view/AKR20250326085000005?input=1195m,https://n.news.naver.com/mnews/article/001/0015289866?sid=103,"이곳을 거쳐 간 코미디언으로는 '개그콘서트'에 출연 중인 신윤승, 조수연, 박민성을 비롯해 정찬민, 신규진, <b>김해준</b> 등이 있다. 김시우, 서아름 등 KBS 33기 신인 개그맨과 강주원, 서유기 등 34기 개그맨도... ","Wed, 26 Mar 2025 11:44:00 +0900"
70,"'윤형빈소극장', 폐관 결정...&quot;15년간 감사했습니다&quot;",http://www.dispatch.co.kr/2320407,https://m.entertain.naver.com/article/433/0000114755,"<b>김해준</b>과 정찬민, 박세미 등이 '윤형빈소극장' 출신이다. 개그맨 지망생들이 무대 경험을 쌓을 수 있는 공간이었다. KBS 33기 개그맨 김시우, 서아름, 이수경 등도 이곳과 성장했다. 관계자는 &quot;그동안 '윤형빈소극장'을... ","Wed, 26 Mar 2025 11:40:00 +0900"
71,"윤형빈, ‘윤형빈소극장’ 폐관 심경 “어쩌면 지금이 가장 적당한 시기...",https://www.heraldpop.com/article/10450546?ref=naver,https://m.entertain.naver.com/article/112/0003753479,"현재 KBS2 ‘개그콘서트’에서 활약 중인 신윤승, 조수연, 박민성을 비롯해 개그맨 정찬민, 신규진, <b>김해준</b>, 최지용, 박세미 등이 윤형빈소극장 출신이다. 다음은 윤형빈 채널 글 전문 안녕하세요. 윤형빈 소극장의 극장장... ","Wed, 26 Mar 2025 11:38:00 +0900"
72,"[종합] '7월 결혼' 김준호♥김지민, 용산에 신혼집 구했다…&quot;돈 없어 전...",https://tenasia.hankyung.com/article/2025032686364,https://m.entertain.naver.com/article/312/0000705671,두 사람은 2022년 4월 열애를 인정했다. 지난해 12월 SBS 예능 '미운 우리 새끼'를 통해 김준호가 김지민에게 공개적으로 프러포즈했다. 이들은 개그맨 23호 부부 <b>김해준</b> 김승혜에 이어 24호 부부 탄생을 알렸다.,"Wed, 26 Mar 2025 11:36:00 +0900"
73,"신윤승·박세미·조수연 낳은 윤형빈소극장, 역사 속으로…15년 만에 폐...",https://www.spotvnews.co.kr/news/articleView.html?idxno=737414,https://m.entertain.naver.com/article/477/0000541305,"현재 KBS2 '개그콘서트'에서 활약 중인 신윤승, 조수연, 박민성을 비롯해 개그맨 정찬민, 신규진, <b>김해준</b>, 최지용, 박세미, 유튜브 채널 '싱글벙글' 김두현, 최지명, 이유미, 개그 아이돌 코쿤, tvN '코미디빅리그' 출신... ","Wed, 26 Mar 2025 11:26:00 +0900"
74,"윤형빈, 15년 버텼지만...경영난에 결국 소극장 폐관 &quot;수익보다 지출이...",https://www.mhnse.com/news/articleView.html?idxno=379620,https://m.entertain.naver.com/article/445/0000281163,"현재 KBS2 '개그콘서트'에서 활약 중인 신윤승, 조수연, 박민성을 비롯해 개그맨 정찬민, 신규진, <b>김해준</b>, 최지용, 박세미, 유튜브 채널 '싱글벙글' 김두현, 최지명, 이유미, 개그 아이돌 코쿤, tvN '코미디빅리그' 출신 나보람... ","Wed, 26 Mar 2025 11:25:00 +0900"
75,"15년 만에 사라지는 개그맨들의 요람, 윤형빈소극장 최후의 날 결정 [공...",https://www.wikitree.co.kr/articles/1036654,https://www.wikitree.co.kr/articles/1036654,"현재 KBS2 '개그콘서트'에서 활약 중인 신윤승, 조수연, 박민성을 비롯해 개그맨 정찬민, 신규진, <b>김해준</b>, 최지용, 박세미, 유튜브 채널 '싱글벙글' 김두현, 최지명, 이유미, 개그 아이돌 코쿤, tvN '코미디빅리그' 출신... ","Wed, 26 Mar 2025 11:16:00 +0900"
76,"윤형빈소극장, '30일 마지막 공연' 폐관 결정…15년 만에 역사 속으로",http://www.globalepic.co.kr/view.php?ud=202503261032207428d3244b4fed_29,http://www.globalepic.co.kr/view.php?ud=202503261032207428d3244b4fed_29,"현재 KBS2 '개그콘서트'에서 활약 중인 신윤승, 조수연, 박민성을 비롯해 개그맨 정찬민, 신규진, <b>김해준</b>, 최지용, 박세미, 유튜브 채널 '싱글벙글' 김두현, 최지명, 이유미, 개그 아이돌 코쿤, tvN '코미디빅리그' 출신... ","Wed, 26 Mar 2025 11:10:00 +0900"
77,‘신인 개그맨 산실’ 윤형빈소극장 15년만에 폐관,https://sports.khan.co.kr/article/202503261108003?pt=nv,https://m.entertain.naver.com/article/144/0001028026,"현재 KBS2 ‘개그콘서트’에서 활약 중인 신윤승, 조수연, 박민성을 비롯해 개그맨 정찬민, 신규진, <b>김해준</b>, 최지용, 박세미, 유튜브 채널 ‘싱글벙글’ 김두현, 최지명, 이유미, 개그 아이돌 코쿤, tvN ‘코미디빅리그’... ","Wed, 26 Mar 2025 11:09:00 +0900"
78,"“15년 만에 문 닫아”…코미디 전용 공연장 윤형빈소극장, 폐관 결정",https://www.mk.co.kr/article/11273767,https://m.entertain.naver.com/article/410/0001057639,"현재 KBS2 ‘개그콘서트’에서 활약 중인 신윤승, 조수연, 박민성을 비롯해 개그맨 정찬민, 신규진, <b>김해준</b>, 최지용, 박세미, 유튜브 채널 ‘싱글벙글’ 김두현, 최지명, 이유미, 개그 아이돌 코쿤, tvN ‘코미디빅리그’... ","Wed, 26 Mar 2025 10:59:00 +0900"
79,"'정경미♥' 윤형빈, 15년 만에 전한 가슴 아픈 소식…&quot;신인 산실 문 닫아...",http://www.osen.co.kr/article/G1112531164,https://m.entertain.naver.com/article/109/0005268806,"현재 KBS2 '개그콘서트'에서 활약 중인 신윤승, 조수연, 박민성을 비롯해 개그맨 정찬민, 신규진, <b>김해준</b>, 최지용, 박세미, 유튜브 채널 '싱글벙글' 김두현, 최지명, 이유미, 개그 아이돌 코쿤, tvN '코미디빅리그' 출신... ","Wed, 26 Mar 2025 10:56:00 +0900"
80,"윤형빈소극장, 15년 만에 폐관 결정…30일 마지막 공연",https://tenasia.hankyung.com/article/2025032694634,https://m.entertain.naver.com/article/312/0000705667,"현재 KBS2 '개그콘서트'에서 활약 중인 신윤승, 조수연, 박민성을 비롯해 개그맨 정찬민, 신규진, <b>김해준</b>, 최지용, 박세미, 유튜브 채널 '싱글벙글' 김두현, 최지명, 이유미, 개그 아이돌 코쿤, tvN '코미디빅리그' 출신... ","Wed, 26 Mar 2025 10:56:00 +0900"
81,"윤형빈소극장, 15년만 폐관 결정..차세대 개그맨 양성 ‘빨간불’",https://www.heraldpop.com/article/10450389?ref=naver,https://m.entertain.naver.com/article/112/0003753471,"현재 KBS2 ‘개그콘서트’에서 활약 중인 신윤승, 조수연, 박민성을 비롯해 개그맨 정찬민, 신규진, <b>김해준</b>, 최지용, 박세미, 유튜브 채널 ‘싱글벙글’ 김두현, 최지명, 이유미, 개그 아이돌 코쿤, tvN ‘코미디빅리그’... ","Wed, 26 Mar 2025 10:55:00 +0900"
82,"윤형빈소극장, 15년 만에 폐관...30일 마지막 공연",https://www.munhwa.com/news/view.html?no=2025032601039912236001,https://m.entertain.naver.com/article/021/0002698847,"KBS2 ‘개그콘서트’에서 활약 중인 신윤승, 조수연, 박민성을 비롯해 개그맨 정찬민, 신규진, <b>김해준</b>, 최지용, 박세미, 유튜브 채널 ‘싱글벙글’ 김두현, 최지명, 이유미, 개그 아이돌 코쿤, tvN ‘코미디빅리그’ 출신... ","Wed, 26 Mar 2025 10:51:00 +0900"
83,"&quot;윤형빈이 설립했는데&quot;...윤형빈소극장, 15년 만에 폐관 결정[공식]",https://www.ize.co.kr/news/articleView.html?idxno=66809,https://m.entertain.naver.com/article/465/0000010570,"현재 KBS 2TV '개그콘서트'에서 활약 중인 신윤승, 조수연, 박민성을 비롯해 개그맨 정찬민, 신규진, <b>김해준</b>, 최지용, 박세미, 유튜브 채널 '싱글벙글' 김두현, 최지명, 이유미, 개그 아이돌 코쿤, tvN '코미디빅리그' 출신... ","Wed, 26 Mar 2025 10:50:00 +0900"
84,신인 개그맨 산실…윤형빈소극장 15년만 폐관,https://www.newsis.com/view/NISX20250326_0003113620,https://m.entertain.naver.com/article/003/0013142969,"KBS 2TV '개그콘서트'에서 활약 중인 신윤승, 조수연, 박민성을 비롯해 개그맨 정찬민, 신규진, <b>김해준</b>, 최지용, 박세미, 유튜브 채널 '싱글벙글' 김두현, 최지명, 이유미, 개그 아이돌 코쿤, tvN '코미디빅리그' 출신... ","Wed, 26 Mar 2025 10:50:00 +0900"
85,"신윤승·조수연·박세미 키운 윤형빈 소극장, 15년만 폐관[공식]",https://www.mk.co.kr/article/11273754,https://m.entertain.naver.com/article/009/0005465206,"현재 KBS2 ‘개그콘서트’에서 활약 중인 신윤승, 조수연, 박민성을 비롯해 개그맨 정찬민, 신규진, <b>김해준</b>, 최지용, 박세미, 유튜브 채널 ‘싱글벙글’ 김두현, 최지명, 이유미, 개그 아이돌 코쿤, tvN ‘코미디빅리그’... ","Wed, 26 Mar 2025 10:49:00 +0900"
86,"윤형빈소극장, 15년 만에 문 닫는다 &quot;동고동락 개그맨들 감사&quot;",http://www.joynews24.com/view/1827253,http://www.joynews24.com/view/1827253,"현재 KBS2 '개그콘서트'에서 활약 중인 신윤승, 조수연, 박민성을 비롯해 개그맨 정찬민, 신규진, <b>김해준</b>, 최지용, 박세미, 유튜브 채널 '싱글벙글' 김두현, 최지명, 이유미, 개그 아이돌 코쿤, tvN '코미디빅리그' 출신... ","Wed, 26 Mar 2025 10:46:00 +0900"
87,"신인 개그맨 이제 어디로…윤형빈소극장, 15년만 폐관 &quot;30일 막공&quot; [공식...",http://www.stoo.com/article.php?aid=99501211142,http://www.stoo.com/article.php?aid=99501211142,"현재 KBS2 '개그콘서트'에서 활약 중인 신윤승, 조수연, 박민성을 비롯해 개그맨 정찬민, 신규진, <b>김해준</b>, 최지용, 박세미, 유튜브 채널 '싱글벙글' 김두현, 최지명, 이유미, 개그 아이돌 코쿤, tvN '코미디빅리그' 출신... ","Wed, 26 Mar 2025 10:46:00 +0900"
88,"윤형빈소극장, 15년 만에 폐관 결정…개그맨 양성 '빨간불'",https://www.hankyung.com/article/202503269462H,https://n.news.naver.com/mnews/article/015/0005110864?sid=103,"현재 KBS 2TV '개그콘서트'에서 활약 중인 신윤승, 조수연, 박민성을 비롯해 개그맨 정찬민, 신규진, <b>김해준</b>, 최지용, 박세미, 유튜브 채널 '싱글벙글' 김두현, 최지명, 이유미, 개그 아이돌 코쿤, tvN '코미디빅리그' 출신... ","Wed, 26 Mar 2025 10:45:00 +0900"
89,"코미디 전용 공연장 윤형빈소극장, 15년 만에 문 닫는다",https://www.newspim.com/news/view/20250326000357,https://www.newspim.com/news/view/20250326000357,"현재 KBS2 '개그콘서트'에서 활약 중인 신윤승, 조수연, 박민성을 비롯해 개그맨 정찬민, 신규진, <b>김해준</b>, 최지용, 박세미, 유튜브 채널 '싱글벙글' 김두현, 최지명, 이유미, 개그 아이돌 코쿤, tvN '코미디빅리그' 출신... ","Wed, 26 Mar 2025 10:45:00 +0900"
90,<b>김해준</b> 신윤승 배출한 윤형빈소극장 15년만에 문 닫는다[공식],https://www.newsen.com/news_view.php?uid=202503261037451910,https://m.entertain.naver.com/article/609/0000967809,"현재 KBS 2TV '개그콘서트'에서 활약 중인 신윤승, 조수연, 박민성을 비롯해 개그맨 정찬민, 신규진, <b>김해준</b>, 최지용, 박세미, 유튜브 채널 '싱글벙글' 김두현, 최지명, 이유미, 개그 아이돌 코쿤, tvN '코미디빅리그' 출신... ","Wed, 26 Mar 2025 10:41:00 +0900"
91,"코미디 전용 공연장 윤형빈소극장, 15년 만에 폐관 결정",https://www.dailian.co.kr/news/view/1477259/?sc=Naver,https://m.entertain.naver.com/article/119/0002937482,"현재 KBS2 ‘개그콘서트’에서 활약 중인 신윤승, 조수연, 박민성을 비롯해 개그맨 정찬민, 신규진, <b>김해준</b>, 최지용, 박세미, 유튜브 채널 ‘싱글벙글’ 김두현, 최지명, 이유미, 개그 아이돌 코쿤, tvN ‘코미디빅리그’... ","Wed, 26 Mar 2025 10:41:00 +0900"
92,"'윤형빈 소극장', 15년 만에 폐관 결정…신인 개그맨 양성 후 역사 속으...",https://www.xportsnews.com/article/1977740,https://m.entertain.naver.com/article/311/0001843003,"현재 KBS 2TV '개그콘서트'에서 활약 중인 신윤승, 조수연, 박민성을 비롯해 개그맨 정찬민, 신규진, <b>김해준</b>, 최지용, 박세미, 유튜브 채널 '싱글벙글' 김두현, 최지명, 이유미, 개그 아이돌 코쿤, tvN '코미디빅리그' 출신... ","Wed, 26 Mar 2025 10:40:00 +0900"
93,'윤형빈 소극장' 15년만 전격 폐관..30일 마지막 공연[공식],https://www.starnewskorea.com/stview.php?no=2025032610321080722,https://m.entertain.naver.com/article/108/0003314698,"현재 KBS 2TV '개그콘서트'에서 활약 중인 신윤승, 조수연, 박민성을 비롯해 정찬민, 신규진, <b>김해준</b>, 최지용, 박세미, 유튜브 채널 '싱글벙글' 김두현, 최지명, 이유미, 개그 아이돌 코쿤, tvN '코미디 빅리그' 출신 나보람... ","Wed, 26 Mar 2025 10:34:00 +0900"
94,"윤형빈소극장, 15년 만에 폐관 &quot;동고동락한 개그맨들 감사&quot;",http://enews.imbc.com/News/RetrieveNewsInfo/454600,https://m.entertain.naver.com/article/408/0000259423,"현재 KBS2 '개그콘서트'에서 활약 중인 신윤승, 조수연, 박민성을 비롯해 개그맨 정찬민, 신규진, <b>김해준</b>, 최지용, 박세미, 유튜브 채널 '싱글벙글' 김두현, 최지명, 이유미, 개그 아이돌 코쿤, tvN '코미디빅리그' 출신... ","Wed, 26 Mar 2025 10:33:00 +0900"
95,"[단독] 윤형빈소극장, 문 닫는다 &quot;15년 역사 마침표&quot;",http://enter.etoday.co.kr/news/view/274508,http://enter.etoday.co.kr/news/view/274508,"현재 KBS2 '개그콘서트'에서 활약 중인 신윤승ㆍ조수연ㆍ박민성 외에도 정상급 개그맨으로 발돋움한 정찬민ㆍ신규진ㆍ<b>김해준</b>, 또 신인 개그맨 김시우ㆍ오민우ㆍ오정율ㆍ이수경ㆍ장현욱, 개그아이돌 코쿤 등이... ","Wed, 26 Mar 2025 10:10:00 +0900"
96,"맛있는녀석들 물갈비 특집, <b>김해준</b> 주꾸미 한입만에 폭소 유발",https://www.topstarnews.net/news/articleView.html?idxno=15621957,https://www.topstarnews.net/news/articleView.html?idxno=15621957,"이날 <b>김해준</b>은 두 번째 맛집 주꾸미구이 식당에서 한입만 멤버로 선정돼 활약했다. 그는 촬영 내내 멤버들을 위해 연신 주꾸미를 구우며 초췌해진 모습으로 웃음을 안겼다. 먹방 중 <b>김해준</b>은 결국 한입만에 도전했고, 한... ","Mon, 24 Mar 2025 12:08:00 +0900"
97,"‘THE 맛녀석’ <b>김해준</b>,역대급 최악의 한입만!···식탐 폭발이 불러온...",https://sports.khan.co.kr/article/202503230044013?pt=nv,https://m.entertain.naver.com/article/144/0001027190,"<b>김해준</b>이 최악(?)의 한입만을 선보였다. 지난 21일 코미디TV에서 방송된 ‘THE 맛있는 녀석들’에서는 ‘물불 안 가리는 특집’으로, 물에 끓여 먹는 물갈비와 불에 익혀 먹는 주꾸미구이 먹방을 선보였다. <b>김해준</b>은 두 번째... ","Sun, 23 Mar 2025 00:45:00 +0900"
98,"&quot;화가 난다&quot; <b>김해준</b>, ♥김승혜 신혼인데 몰골 어쩌나 (맛녀석)",http://www.osen.co.kr/article/G1112528780,https://m.entertain.naver.com/article/109/0005266471,"있는 <b>김해준</b>이 최악(?)의 한입만을 선보였다. 21일 코미디TV에서 방송된 ‘THE 맛있는 녀석들’에서는 ‘물불 안 가리는 특집’으로, 물에 끓여 먹는 물갈비와 불에 익혀 먹는 주꾸미구이 먹방을 선보였다. 이날 <b>김해준</b>은... ","Sat, 22 Mar 2025 22:29:00 +0900"
99,"'THE 맛녀석' <b>김해준</b>, 역대급 최악의 한입만 '밀기신공'",http://www.starnewsk.com/news/articleView.html?idxno=44944,http://www.starnewsk.com/news/articleView.html?idxno=44944,"<b>김해준</b>이 최악의 한입만을 선보였다. 21일 코미디TV에서 방송된 'THE 맛있는 녀석들'에서는 '물불 안 가리는 특집'으로, 물에 끓여 먹는 물갈비와 불에 익혀 먹는 주꾸미구이 먹방을 선보였다. 이날 <b>김해준</b>은 두 번째 맛집... ","Sat, 22 Mar 2025 15:22:00 +0900"
